panel,model,correct,returned,planned,exact_macro_lower,exact_macro_upper,partial_score_macro
full_coordinate,Astra,87,88,88,0.9912280701754387,0.9912280701754387,0.9912280701754387
full_coordinate,Opus,76,88,88,0.8947368421052632,0.8947368421052632,0.9341002077844184
full_coordinate,Kimi K3,77,88,88,0.9035087719298246,0.9035087719298246,0.9276361192837167
full_coordinate,Gemini 3.8 Flash,66,85,88,0.7982456140350878,0.8245614035087719,0.8245614035087719
snowball_shared_25,Astra,25,25,25,1.0,1.0,1.0
snowball_shared_25,Opus,22,25,25,0.9333333333333333,0.9333333333333333,0.9920282186948853
snowball_shared_25,Kimi K3,23,25,25,0.8666666666666667,0.8666666666666667,0.9301587301587302
snowball_shared_25,Gemini 3.8 Flash,21,25,25,0.8666666666666667,0.8666666666666667,0.8666666666666667
snowball_shared_25,Snowball Step 38,2,25,25,0.06666666666666667,0.06666666666666667,0.06666666666666667
snowball_shared_25,snowball-fixed,7,25,25,0.28888888888888886,0.28888888888888886,0.28888888888888886
glm53_full_coordinate,GLM 5.3 · Ortet,50,88,88,0.6359649122807017,0.6359649122807017,0.6464912280701754
glm53_native_coordinate,GLM 5.3 · full remaining context,54,88,88,0.6578947368421053,0.6578947368421053,0.6837719298245615
