family,name,planned,attempted,original_correct,fixed_correct,truncated
P01,Chain inventory,4,3,2,3,0
P02,Residue count,4,1,0,1,0
P03,Atom coordinates,4,2,0,0,0
G01,Atom distance,4,1,0,1,0
G02,Nearest nonbonded atom,4,3,0,0,1
G03,Nearest residue,4,1,0,0,0
G04,Worst steric clash,6,4,0,0,1
S01,Salt-bridge partner,4,3,0,0,1
S02,Phosphorylated residue,4,1,0,0,0
S03,Burial,6,3,2,3,0
S04,Local secondary structure,6,1,1,1,0
S05,Fold class,6,4,0,0,0
S06,Ligand contacts,6,3,0,0,0
S07,Metal coordination,4,2,0,0,1
S08,Disulfide partner,4,3,0,0,1
S09,Chi1 rotamer,4,3,0,1,1
I01,Interface residues,6,1,0,0,0
N01,Shared contact neighbour,4,1,0,0,0
T01,Contacts gained / lost,4,0,0,0,0
